Supplier Name,Exchange:Ticker Symbol,Customer Name,Entity,Relationship Type,Primary Industry,Source,Business Description
Acter Group Corporation Limited (TPEX:5536),TPEX:5536,Taiwan Semiconductor Manufacturing Company Limited (TWSE:2330),"Self
                         ",Supplier,Construction and Engineering,Acter Group Corporation Limited (TPEX:5536) 2023 Form Doc,"Acter Group Corporation Limited provides engineering services in Taiwan, Mainland China, and other Asian countries. The company offers construction, design, and maintenance services related to air conditioners, environmental control services, clean room set-up, ventilation engineering, and energy technology services. It also trades in ice water machines and energy storing equipment; and offers turnkey engineering service. In addition, the company is involved in the wholesale of electronic and chemical equipment; construction and set-up of freezing and electronic equipment, and air conditioners; construction business; design and manufacture of air and liquid containers; and trading of clean rooms and air conditioners. Further, the company engages in machinery trading; piping engineering, cable installation, and automatic control equipment engineering, etc.; and set-up of electronic protection systems and central air conditioners. Acter Group Corporation Limited was incorporated in 1979 and is headquartered in Taichung, Taiwan."
"All Ring Tech Co., Ltd. (TPEX:6187)",TPEX:6187,Taiwan Semiconductor Manufacturing Company Limited (TWSE:2330),"Self
                         ",Supplier,Electronic Equipment and Instruments,"All Ring Tech Co., Ltd. (TPEX:6187) 2024 Form Doc","All Ring Tech Co., Ltd. engages in the design, manufacture, and assembly of automation machines in Taiwan and China. The company offers semiconductor dispensing equipment series, including wafer level underfill dispensing machine, underfill dispensing machine, and dispensing machine; bonding series comprising FPC, PSA, Optical, and ACF mounter; AOI machines for microchip insertion, solder balling, and six sides, as well as wafer AOI machine and image measurement machine; and loader/unloader, ball mount machine, and glue coating/heat sink attach machine. It also provides cutting, rotary plating, coil winding, resistor stacking, resistor granulating, and PC rolling machine, as well as power inductor dispenser; LED sorting machine, rotary tower sorting, packaging, rolling, and dispensing machine; and CSP cleaving machine. In addition, the company is involved in research, development, and design of computer software; manufacture of optical instruments; mechanical engineering automation; manufacturing of passive component, light-emitting diode, other machine, electrical appliances, and audio visual electronics; manufacture of specialized electronic equipment, testing instruments, and accessories; international trading; investment business; and provision of related technology testing services. All Ring Tech Co., Ltd. was incorporated in 1996 and is headquartered in Kaohsiung, Taiwan."
"Allis Electric Co.,Ltd. (TWSE:1514)",TWSE:1514,Taiwan Semiconductor Manufacturing Company Limited (TWSE:2330),"Self
                         ",Supplier,Electrical Components and Equipment,"Allis Electric Co.,Ltd. (TWSE:1514) 2024 Form Doc","Allis Electric Co.,Ltd. develops, produces, and sells transformers, switching devices, and electronic products worldwide. The company provides line interactive and online uninterruptible power supply (UPS) products; telecom switching mode rectifiers; gird connected and self-consumption solar products; and SCR, rail/metro, and electric forklift truck battery chargers. It also offers transmission and distribution pole line hardware and apparatus; high-voltage metal-clad switchgear, gas-insulated switchgear, high and low voltage switchgear, motor control centers, control panels, and distribution panels; oil-immersed, cast resin, dry type, amorphous core, and cast resin potential and current transformers; and SEL multifunctional protection relays. In addition, the company provides planning, designing, installing, testing, operating manual, training, and after services on power station monitoring, as well as plans, manages, and services the procurement, supply, and installation of electrical, mechanical, air-conditioning, environmental, and water drainage equipment and system projects. It serves the IT, telecommunication, industrial, wireless, utility, and supervisory control and data acquisition sectors. Allis Electric Co.,Ltd. was founded in 1968 and is headquartered in Taipei, Taiwan."
Applied Materials South East Asia Pte. Ltd.,-,Taiwan Semiconductor Manufacturing Company Limited (TWSE:2330),"Self
                         ",Supplier,Electronic Equipment and Instruments,Taiwan Semiconductor Manufacturing Company Limited (TWSE:2330) 2015 Form Doc,Applied Materials South East Asia Pte. Ltd. provides nanomanufacturing technology solutions. The company was founded in 1967 and is based in Singapore. Applied Materials South East Asia Pte. Ltd. operates as a subsidiary of Varian Semiconductor Equipment Associates Inc.
"Applied Materials, Inc. (NasdaqGS:AMAT)",NasdaqGS:AMAT,Taiwan Semiconductor Manufacturing Company Limited (TWSE:2330),"Self
                         ",Supplier,Semiconductor Materials and Equipment,"Applied Materials, Inc. (NasdaqGS:AMAT) 2023 Form 10-K","Applied Materials, Inc. engages in the provision of manufacturing equipment, services, and software to the semiconductor, display, and related industries. The company operates through three segments: Semiconductor Systems, Applied Global Services, and Display and Adjacent Markets. The Semiconductor Systems segment develops, manufactures, and sells various manufacturing equipment that is used to fabricate semiconductor chips or integrated circuits. This segment also offers various technologies, including epitaxy, ion implantation, oxidation/nitridation, rapid thermal processing, physical vapor deposition, chemical vapor deposition, chemical mechanical planarization, electrochemical deposition, atomic layer deposition, etching, and selective deposition and removal, as well as metrology and inspection tools. The Applied Global Services segment provides integrated solutions to optimize equipment and fab performance and productivity comprising spares, upgrades, services, remanufactured earlier generation equipment, and factory automation software for semiconductor, display, and other products. The Display and Adjacent Markets segment offers products for manufacturing liquid crystal displays; organic light-emitting diodes; and other display technologies for TVs, monitors, laptops, personal computers, electronic tablets, smart phones, and other consumer-oriented devices. It operates in the United States, China, Korea, Taiwan, Japan, Southeast Asia, and Europe. The company was incorporated in 1967 and is headquartered in Santa Clara, California."
"ASE Technology Holding Co., Ltd. (TWSE:3711)",TWSE:3711,Taiwan Semiconductor Manufacturing Company Limited (TWSE:2330),"Self
                         ",Supplier,Semiconductors,"ASE Technology Holding Co., Ltd. (TWSE:3711) 2024 Form 20-F","ASE Technology Holding Co., Ltd., together with its subsidiaries, provides semiconductors packaging and testing, and electronic manufacturing services in the United States, Taiwan, Asia, Europe, and internationally. It develops, constructs, sells, leases, and manages real estate properties; produces substrates; offers information software, equipment leasing, investment advisory, and warehousing management services; commercial complex, after-sales, and support services; manages parking lot services; processes and sells computer and communication peripherals, electronic components, telecommunications equipment, and motherboards; and imports and exports goods and technology. ASE Technology Holding Co., Ltd. was founded in 1984 and is based in Kaohsiung, Taiwan."
ASML Holding N.V. (ENXTAM:ASML),ENXTAM:ASML,Taiwan Semiconductor Manufacturing Company Limited (TWSE:2330),"Self
                         ",Supplier,Semiconductor Materials and Equipment,ASML Holding N.V. (ENXTAM:ASML) 2023 Form 20-F,"ASML Holding N.V. develops, produces, markets, sells, and services advanced semiconductor equipment systems for chipmakers. It offers advanced semiconductor equipment systems, including lithography, metrology, and inspection systems. The company also provides extreme ultraviolet lithography systems; and deep ultraviolet lithography systems comprising immersion and dry lithography solutions to manufacture various range of semiconductor nodes and technologies. In addition, it offers metrology and inspection systems, including YieldStar optical metrology systems to assess the quality of patterns on the wafers; and HMI electron beam solutions to locate and analyze individual chip defects. Further, the company provides computational lithography solutions, and lithography systems and control software solutions; and refurbishes and upgrades lithography systems, as well as offers customer support and related services. It operates in Japan, South Korea, Singapore, Taiwan, China, rest of Asia, the Netherlands, rest of Europe, the Middle East, Africa, and the United States. The company was formerly known as ASM Lithography Holding N.V. and changed its name to ASML Holding N.V. in 2001. ASML Holding N.V. was founded in 1984 and is headquartered in Veldhoven, the Netherlands."
BE Semiconductor Industries N.V. (ENXTAM:BESI),ENXTAM:BESI,Taiwan Semiconductor Manufacturing Company Limited (TWSE:2330),"Self
                         ",Supplier,Semiconductor Materials and Equipment,BE Semiconductor Industries N.V. (ENXTAM:BESI) - Form Doc,"BE Semiconductor Industries N.V. engages in the development, manufacture, marketing, sale, and service of semiconductor assembly equipment for the semiconductor and electronics industries in China, the United States, Malaysia, Ireland, Korea, Taiwan, Thailand, Other Asia Pacific and Europe, and internationally. It operates through three segments: Die Attach, Packaging, and Plating. The company’s principal products include die attach equipment, such as single chip, multi-chip, multi module, flip chip, thermal compression bonding, fan out wafer level packaging, hybrid and embedded bridge die bonding, and die sorting systems; and packaging equipment, including conventional, ultra-thin, and wafer level molding, as well as trim and form, and singulation systems. It also provides plating equipment, such as tin, copper, and precious metal and solar plating systems, as well as related process chemicals; and tooling, conversion kits, spare parts, and other services. The company’s principal brand names include Datacon, Esec, Fico, and Meco. It offers its products primarily to multinational chip manufacturers, assembly subcontractors, and electronics and industrial companies. BE Semiconductor Industries N.V. was incorporated in 1995 and is headquartered in Duiven, the Netherlands."
C Sun Mfg Ltd. (TWSE:2467),TWSE:2467,Taiwan Semiconductor Manufacturing Company Limited (TWSE:2330),"Self
                         ",Supplier,Industrial Machinery and Supplies and Components,C Sun Mfg Ltd. (TWSE:2467) 2024 Form Doc,"C Sun Mfg Ltd. provides various processing equipment. It offers printed circuit board processing equipment, including exposure systems, preheaters, laminators/coaters, and Mylar peelers; touch panel processing equipment; semiconductor processing equipment, such as baking, plasma, and lamination equipment; and equipment for shoe, electronics, coating, printing, and consumables. The company serves various industries, such as PCB, touch panel, semiconductor, shoe making, printing, coating, and PV. It distributes its products in approximately 20 countries, including Taiwan, China, Japan, the United States, South Korea, Singapore, Malaysia, Vietnam, Thailand, and India. The company was founded in 1966 and is headquartered in New Taipei City, Taiwan."
Central Taiwan Science Park Administration,-,Taiwan Semiconductor Manufacturing Company Limited (TWSE:2330),"Self
                         ",Landlord,,Taiwan Semiconductor Manufacturing Company Limited (TWSE:2330) 2016 Form 20-F,There is no business description for this supplier.
Central Taiwan Science Park Administration,-,Taiwan Semiconductor Manufacturing Company Limited (TWSE:2330),"Self
                         ",Lessor,,Taiwan Semiconductor Manufacturing Company Limited (TWSE:2330) 2024 Form 20-F,There is no business description for this supplier.
CHC Resources Corporation (TWSE:9930),TWSE:9930,Taiwan Semiconductor Manufacturing Company Limited (TWSE:2330),"Self
                         ",Supplier,Construction Materials,CHC Resources Corporation (TWSE:9930) 2024 Form Doc,"CHC Resources Corporation manufactures and supplies construction materials in Taiwan. The company offers blast furnace slag (BFS) powder and granulated blast furnace slag cement; soil improvement agents; partition grouting materials; and air-cooled BFS aggregates. It also offers basic oxygen furnace slag graded aggregates for land leveling and preparation, and seawall backfill projects; and solidification and remediation projects. In addition, the company engages in the artificial fluorite and aluminum slag business, as well as involved in the provision of laboratory services, including analysis of cement. CHC Resources Corporation was incorporated in 1991 and is headquartered in Kaohsiung, Taiwan."
"CTBC Bank Co., Ltd.",-,Taiwan Semiconductor Manufacturing Company Limited (TWSE:2330),"Self
                         ",Transfer Agent,Diversified Banks,Taiwan Semiconductor Manufacturing Company Limited (TWSE:2330) 2024 Form 20-F,There is no business description for this supplier.
"CTBC Bank Co., Ltd.",-,VisEra Technologies Company Ltd. (TWSE:6789),"Subsidiary/Investment
                         ",Transfer Agent,Diversified Banks,VisEra Technologies Company Ltd. (TWSE:6789) 2024 Form Doc,There is no business description for this supplier.
"E.SUN Commercial Bank, Ltd.",-,VisEra Technologies Company Ltd. (TWSE:6789),"Subsidiary/Investment
                         ",Creditor,Diversified Banks,VisEra Technologies Company Ltd. (TWSE:6789) 2024 Form Doc,"E.SUN Commercial Bank, Ltd. provides various banking and financial products and services to personal, enterprises, and corporate customers in Taiwan and internationally. It offers fixed, demand, and time deposits, as well as current accounts; personal loans; wealth management services; insurance services; debit and credit cards; corporate finance, trade; cash management services; online, mobile, Internet, and digital banking services; foreign currency exchange services; trust services; private banking services; advisory services; and other banking services. The company was founded in 1989 and is based in Taipei, Taiwan. E.SUN Commercial Bank, Ltd. operates as a subsidiary of E.SUN Financial Holding Company, Ltd."
ECOVE Environment Corp. (TPEX:6803),TPEX:6803,Taiwan Semiconductor Manufacturing Company Limited (TWSE:2330),"Self
                         ",Supplier,Environmental and Facilities Services,ECOVE Environment Corp. (TPEX:6803) 2022 Form Doc,"ECOVE Environment Corp. provides waste management services to public and private entities in Taiwan, Macau, China, Southeast Asia, the United States, and India. The company finances, plans, constructs, operates, and maintains energy-from-waste, hazardous and special waste treatment, photovoltaic power, recycling, and water and wastewater treatment plants. It also offers management consulting, testing and commissioning, resource management, maintenance and overhaul for system and equipment, and upgrade and improve systems and equipment, as well as waste collection, transportation, and disposal services for the energy-from-waste, railway, waste management, and public utility sectors. The company was founded in 1994 and is headquartered in Taipei, Taiwan. ECOVE Environment Corp. is a subsidiary of CTCI Corporation."
"Entegris, Inc. (NasdaqGS:ENTG)",NasdaqGS:ENTG,Taiwan Semiconductor Manufacturing Company Limited (TWSE:2330),"Self
                         ",Supplier,Semiconductor Materials and Equipment,"Entegris, Inc. (NasdaqGS:ENTG) 2024 Form 10-K","Entegris, Inc. develops, manufactures, and supplies microcontamination control products, specialty chemicals, and advanced materials handling solutions in North America, Taiwan, China, South Korea, Japan, Europe, and Southeast Asia. It operates in three segments: Materials Solutions (MS); Microcontamination Control (MC); and Advanced Materials Handling (AMH). The MC segment solutions to purify critical liquid chemistries and process gases used in semiconductor manufacturing processes and other high-technology industries; integrated circuit chemical mechanical polishing solutions, high-performance etch and clean chemistries, gases and materials, and safe and materials delivery systems. The MS segment provides materials-based solutions, such as chemical mechanical planarization slurries, pads, deposition materials, process chemistries and gases, formulated cleans, etchants, and other specialty materials. The Advanced Materials Handling segment develops solutions for customers’ yields by protecting critical materials during manufacturing, transportation, and storage, which include monitor, protect, transport and deliver critical liquid chemistries, wafers, and other substrates for semiconductor, life sciences and other high-technology industries. The company’s customers include logic and memory semiconductor device manufacturers, semiconductor equipment makers, gas and chemical manufacturing companies, and wafer grower companies; and flat panel display equipment makers, panel manufacturers, and manufacturers of hard disk drive components and devices, as well as their related ecosystems. It serves manufacturers and suppliers in the solar and life science industries, electrical discharge machining customers, glass and glass container manufacturers, aerospace manufacturers, and manufacturers of biomedical implantation devices. Entegris, Inc. was founded in 1966 and is headquartered in Billerica, Massachusetts."
Far Eastern International Bank Ltd. (TWSE:2845),TWSE:2845,VisEra Technologies Company Ltd. (TWSE:6789),"Subsidiary/Investment
                         ",Creditor,Diversified Banks,VisEra Technologies Company Ltd. (TWSE:6789) 2024 Form Doc,"Far Eastern International Bank Ltd. provides individual and corporate banking services in Taiwan, rest of the Asia Pacific, and internationally. The company provides savings and checking accounts; remittance, foreign exchange, and wealth management and SME financing services; and mutual funds, ETFs, and offshore stock shares and straight bonds. It offers insurance products, including compulsory, accident, medical, saving, annuity, and investment-oriented insurance; integrated financial solution schemes through financing, cash managing, and hedging services; accounts receivable, electronic payment, and financial hedging services; and SME credit guarantee trust fund, foreign capital safekeeping, and investment services. In addition, the company offers credit cards; credit card financial management services, such as balance transfer for credit card debt, consumer loans, and cash advances; unsecured loans comprising loans to public functionaries, teachers, and employees of companies, as well as to employees with approximately half a year of service at enterprises and organizations; and mortgage loans for new house interior decoration and used home remodeling; and credit lines for use in wealth management. Further, it provides short, medium, and long term credit facility, trade finance, cash management, foreign exchange, corporate trust, financial advisory, acquisition, project, and structured financing services; and financial market services, as well as phone banking services. Additionally, the company issues letters of credit; handles domestic and foreign remittances; accepts commercial drafts; invests in securities; and acts as an agent for the trading government and corporate bonds, and bank debentures. Far Eastern International Bank Ltd. was founded in 1992 and is based in Taipei, Taiwan."
"Feng Hsin Steel Co., Ltd. (TWSE:2015)",TWSE:2015,Taiwan Semiconductor Manufacturing Company Limited (TWSE:2330),"Self
                         ",Supplier,Steel,"Feng Hsin Steel Co., Ltd. (TWSE:2015) 2023 Form Doc","Feng Hsin Steel Co., Ltd. manufactures, processes, and trades steel products in Taiwan. The company provides angle, channel, square, flat, round, and deformed bars, as well as rebars; billets; and bar in coils. It also exports its products to Asia and internationally. The company was incorporated in 1969 and is headquartered in Taichung, Taiwan."
"FormFactor, Inc. (NasdaqGS:FORM)",NasdaqGS:FORM,Taiwan Semiconductor Manufacturing Company Limited (TWSE:2330),"Self
                         ",Supplier,Semiconductor Materials and Equipment,"FormFactor, Inc. (NasdaqGS:FORM) 2024 Form 10-K","FormFactor, Inc. designs, manufactures, and sells probe cards, analytical probes, probe stations, metrology systems, thermal systems, and cryogenic systems to semiconductor companies and scientific institutions. It operates in two segments, Probe Cards and Systems. The company offers probe cards to test various semiconductor device types, including systems on a chip products, mobile application processors, microprocessors, microcontrollers, and graphic processors, as well as radio frequency, analog, mixed signal, image sensor, electro-optical, dynamic random access memory, NAND flash memory, and NOR flash memory devices, as well as computer processor devices; and analytical probes, which are used for a range of applications, including device characterization, electrical simulation model development, failure analysis, and prototype design debugging for universities, research institutions, semiconductor integrated device manufacturers, semiconductor foundries, and fabless semiconductor companies. It also provides probe systems for semiconductor design engineers to capture and analyze accurate data; surface metrology systems for the development, production, and quality control of semiconductor products; thermal subsystems, such as thermal chucks and other test systems used in probe stations and other applications; and precision cryogenic instruments, semiconductor tests, and measurement systems. In addition, the company offers on-site probe card maintenance and service training, seminars, and telephone support services. It markets and sells its products through direct sales force, manufacturers’ representatives, and distributors in the United States, Taiwan, South Korea, China, Europe, Japan, Malaysia, Singapore, and internationally. The company was incorporated in 1993 and is headquartered in Livermore, California."
Formosa Sumco Technology Corporation (TWSE:3532),TWSE:3532,Taiwan Semiconductor Manufacturing Company Limited (TWSE:2330),"Self
                         ",Supplier,Semiconductor Materials and Equipment,Taiwan Semiconductor Manufacturing Company Limited (TWSE:2330) 2024 Form 20-F,"Formosa Sumco Technology Corporation manufactures, sells, and trades in silicon wafers in Taiwan, Japan, and China. It offers polished, annealed, and epitaxial wafers, as well as monocrystalline ingots. The company was incorporated in 1995 and is based in Taipei, Taiwan."
"Foxwell Power Co., Ltd. (TPEX:6994)",TPEX:6994,VisEra Technologies Company Ltd. (TWSE:6789),"Subsidiary/Investment
                         ",Supplier,Renewable Electricity,"Foxwell Power Co., Ltd. (TPEX:6994) 2024 Form Doc","Foxwell Power Co., Ltd engages in the construction of energy storage systems. It also operates a renewable energy trading platform. The company was founded in 2019 and is based in New Taipei City, Taiwan."
Fujimi Incorporated (TSE:5384),TSE:5384,Taiwan Semiconductor Manufacturing Company Limited (TWSE:2330),"Self
                         ",Supplier,Specialty Chemicals,Fujimi Incorporated (TSE:5384) 2023 Form Doc,"Fujimi Incorporated manufactures and sells synthetic precision abrasives in Japan and internationally. The company offers various products for slicing crystal silicon ingots, lapping, and polishing silicon wafers; abrasives for use in the production of semiconductor devices, such as CMP slurry and other materials; and polishing products for magnetic disks of the hard disk drives. It also provides specialty materials, including polishing and diamond products, as well as catalyst carriers for use in electronic components, lighting and LED products, automobiles, lenses, power semiconductors, and other industries. In addition, the company offers thermal spray materials for use in aerospace, semiconductor, liquid crystal, steel, energy, chemical, and other industries. Fujimi Incorporated was founded in 1950 and is headquartered in Kiyosu, Japan."
Global Unichip Corp. (TWSE:3443),TWSE:3443,Taiwan Semiconductor Manufacturing Company Limited (TWSE:2330),"Self
                         ",Supplier,Semiconductors,Global Unichip Corp. (TWSE:3443) 2024 Form Doc,"Global Unichip Corp. researches, develops, produces, tests, and sells embedded memory and logic components, cell libraries, and EDA tools for various application ICs in China, the United States, Taiwan, Japan, Korea, and Europe. It offers ASIC and wafer products; and non-recurring engineering services. The company also provides products consulting, design, and technical support services. In addition, it offers SoC design services, such as technology design, design methodology, low power solution, and testability design services; SoC manufacturing services consisting of packaging, testing and product engineering, and quality and reliability, as well as supply chain management services; and IP portfolio, including high bandwidth memory IPs, multi-die interLink IPs, serdes IPs, mixed-signal front-end IPs, and embedded memory IPs. The company was formerly known as Chuangyi Electronics Corporation and changed its name to Global Unichip Corp. in October 1998. Global Unichip Corp. was incorporated in 1998 and is headquartered in Hsinchu City, Taiwan."
"GlobalWafers Co., Ltd. (TPEX:6488)",TPEX:6488,Taiwan Semiconductor Manufacturing Company Limited (TWSE:2330),"Self
                         ",Supplier,Semiconductor Materials and Equipment,Taiwan Semiconductor Manufacturing Company Limited (TWSE:2330) 2024 Form 20-F,"GlobalWafers Co., Ltd., together with its subsidiaries, researches, designs, develops, and manufactures semiconductor ingots and wafers in Taiwan and internationally. It offers silicon ingots; and annealed, epitaxial, diffusion, compound, polished, and SOI wafers. The company was founded in 1981 and is based in Hsinchu City, Taiwan. GlobalWafers Co., Ltd. operates as a subsidiary of Sino-American Silicon Products Inc."
"Goldsun Building Materials Co., Ltd. (TWSE:2504)",TWSE:2504,Taiwan Semiconductor Manufacturing Company Limited (TWSE:2330),"Self
                         ",Supplier,Construction Materials,"Goldsun Building Materials Co., Ltd. (TWSE:2504) 2024 Form Doc","Goldsun Building Materials Co., Ltd., together with its subsidiaries, engages in the production and sale of premixed concrete, cement, and calcium silicate board in Taiwan and Mainland China. It operates through Pre-Mixed Concrete Segment in Taiwan, Pre-Mixed Concrete Segment in Mainland China, and Others segments. The company also constructs civil and architectural construction projects; and provides international trading, warehousing, shipping, and tally packaging, interior decoration, and leisure frame management services. In addition, it rents real estate properties; operates hotels; and sells building materials. The company was formerly known as Goldsun Constructions Co., Ltd. Goldsun Building Materials Co., Ltd. was incorporated in 1954 and is headquartered in Taipei, Taiwan."
"Gudeng Precision Industrial Co., Ltd. (TPEX:3680)",TPEX:3680,Taiwan Semiconductor Manufacturing Company Limited (TWSE:2330),"Self
                         ",Supplier,Semiconductor Materials and Equipment,"Gudeng Precision Industrial Co., Ltd. (TPEX:3680) 2024 Form Doc","Gudeng Precision Industrial Co., Ltd. provides technology services worldwide. It offers wafer handling solutions, including shipping boxes, cassette boxes, wafer cassettes, and front opening wafer transfer boxes, as well as FOUP products; and reticle handling solutions, such as reticle boxes, nikon / canon reticle boxes, RSP 150, RSP 200, EUV PODs, TFT-LCD large size reticle boxes, assembled large-size reticle boxes, and other accessories. The company also provides cleaning, inspection, and maintenance services for its reticle and wafer handling products. In addition, it engages in the manufacture, trading, repair, and maintenance of various precision instruments; development, leasing, and sale of industrial plant, residential, building, and other real estate properties; sale of plastic and electronic products; sale and maintenance of automobiles; trading of various alcohol and aluminum foil products; and provision of investment, venture capital, and management consulting services. Gudeng Precision Industrial Co., Ltd. was incorporated in 1998 and is headquartered in New Taipei City, Taiwan."
Hsinchu Science Park Administration,-,Taiwan Semiconductor Manufacturing Company Limited (TWSE:2330),"Self
                         ",Lessor,,Taiwan Semiconductor Manufacturing Company Limited (TWSE:2330) 2024 Form 20-F,There is no business description for this supplier.
Hsinchu Science Park Administration,-,VisEra Technologies Company Ltd. (TWSE:6789),"Subsidiary/Investment
                         ",Lessor,,VisEra Technologies Company Ltd. (TWSE:6789) 2024 Form Doc,There is no business description for this supplier.
Kaohsiung City Government,-,Taiwan Semiconductor Manufacturing Company Limited (TWSE:2330),"Self
                         ",Lessor,Diversified Support Services,Taiwan Semiconductor Manufacturing Company Limited (TWSE:2330) 2024 Form 20-F,Kaohsiung City Government is based in Taiwan.
"Kedge Construction Co., Ltd. (TWSE:2546)",TWSE:2546,Taiwan Semiconductor Manufacturing Company Limited (TWSE:2330),"Self
                         ",Supplier,Construction and Engineering,"Kedge Construction Co., Ltd. (TWSE:2546) 2024 Form Doc","Kedge Construction Co., Ltd. constructs, develops, leases, and sells housing and building properties in Taiwan. The company engages in the electrical equipment and fire safety equipment installation, as well as involved in and general investment related activities. It also engages in undertaking of construction related business. Kedge Construction Co., Ltd. was incorporated in 1971 and is based in Taipei, Taiwan."
"Kindom Development Co., Ltd. (TWSE:2520)",TWSE:2520,Taiwan Semiconductor Manufacturing Company Limited (TWSE:2330),"Self
                         ",Supplier,Real Estate Development,"Kindom Development Co., Ltd. (TWSE:2520) 2024 Form Doc","Kindom Development Co., Ltd., together with its subsidiaries, constructs, develops, and sells real estate properties in Taiwan. It operates through three segments: Building, Construction, and Department Stores segments. The Building segment rents or sells business of commissioning construction companies to build public housing and commercial buildings. Its Construction segment integrates the overall work of the construction and management of maintenance works. The Department Stores segment is involved in the operation of department stores, supermarkets, and import/export of international trade business. The company engages in the installation and engineering of electrical and fire safety equipment; investment and operates of shopping malls; supporting engineering consultancy services; shopping mall leasing planning and consulting services; and general investment business, as well as wholesales and retails of medical equipment, and non-store retailing business. Kindom Development Co., Ltd. was incorporated in 1979 and is based in Taipei, Taiwan."
Kinik Company (TWSE:1560),TWSE:1560,Taiwan Semiconductor Manufacturing Company Limited (TWSE:2330),"Self
                         ",Supplier,Industrial Machinery and Supplies and Components,Kinik Company (TWSE:1560) - Form Doc,"Kinik Company produces and sells various abrasives, cutting tools, and reclaimed wafers in Taiwan and internationally. The company offers various conventional grinding wheels, diamond/CBN grinding wheels, DLC coatings, reclaimed wafers, porous ceramic chuck tables, CMP diamond disks, ultra precision machining tools, dicing blades, diamond rollers, wafer grinding wheels, diamond and CBN honey comb wheels, and anti-slip type vacuum chucks. Kinik Company was founded in 1953 and is headquartered in New Taipei City, Taiwan."
KLA Corporation (NasdaqGS:KLAC),NasdaqGS:KLAC,Taiwan Semiconductor Manufacturing Company Limited (TWSE:2330),"Self
                         ",Supplier,Semiconductor Materials and Equipment,KLA Corporation (NasdaqGS:KLAC) 2024 Form 10-K,"KLA Corporation, together with its subsidiaries, engages in the design, manufacture, and marketing of process control, process-enabling, and yield management solutions for the semiconductor and related electronics industries worldwide. It operates through three segments: Semiconductor Process Control; Specialty Semiconductor Process; and PCB and Component Inspection. The company offers inspection and review tools to identify, locate, characterize, review, and analyze defects on various surfaces of patterned and unpatterned wafers; metrology systems that are used to measure pattern dimensions, film thickness, film stress, layer-to-layer alignment, pattern placement, surface topography, and electro-optical properties for wafers; chemical process control equipment; wired and wireless sensor wafers and reticles; wafer defect inspection, review, and metrology systems; reticle inspection and metrology systems; and semiconductor software solutions that provide run-time process control, defect excursion identification, process corrections, and defect classification to accelerate yield learning rates and reduce production risk. It also provides etch, plasma dicing, deposition, and other wafer processing technologies and solutions for the semiconductor and microelectronics industry. In addition, the company offers direct imaging, inspection, optical shaping, inkjet and additive printing, UV laser drilling, and computer-aided manufacturing and engineering solutions for the PCB market; inspection and electrical testing systems to identify and classify defects, as well as systems to repair defects for the display market; and inspection and metrology systems for quality control and yield improvement in advanced and traditional semiconductor packaging markets. The company was formerly known as KLA-Tencor Corporation and changed its name to KLA Corporation in July 2019. KLA Corporation was incorporated in 1975 and is headquartered in Milpitas, California."
"L&K Engineering Co., Ltd. (TWSE:6139)",TWSE:6139,Taiwan Semiconductor Manufacturing Company Limited (TWSE:2330),"Self
                         ",Supplier,Diversified Support Services,"L&K Engineering Co., Ltd. (TWSE:6139) 2024 Form Doc","L&K Engineering Co., Ltd. provides turnkey engineering services in Taiwan, Hongkong, and internationally. The company provides construction, installation, and decoration of sterile and clean rooms. It also manufactures metal structures, building components, mechanical installation, automatic control equipment, and invests in infrastructure construction. In addition, the company designs and manufactures hospitals, pharmaceutical, biochemically sterile rooms, electronics clean room, mechanical, and electrical peripherals, as well as manufactures process pipelines. Further, it manufactures and sells air conditioners, ceilings, and compartments; and offers environmental sanitation, anti-pollution services. Additionally, the company is involved in construction management consulting and engineering services; and engaged in fire engineering construction, maintenance, and equipment sales; and involved in land consolidation, traveling, technical, and recreational services. It is also involved in ecological touring business; and after-sales services. L&K Engineering Co., Ltd. was incorporated in 1978 and is headquartered in Taipei, Taiwan."
"L&K Engineering Co., Ltd. (TWSE:6139)",TWSE:6139,TSMC (Nanjing) Co. Ltd,"Subsidiary/Investment
                         ",Supplier,Diversified Support Services,"L&K Engineering Co., Ltd. (TWSE:6139) 2024 Form Doc","L&K Engineering Co., Ltd. provides turnkey engineering services in Taiwan, Hongkong, and internationally. The company provides construction, installation, and decoration of sterile and clean rooms. It also manufactures metal structures, building components, mechanical installation, automatic control equipment, and invests in infrastructure construction. In addition, the company designs and manufactures hospitals, pharmaceutical, biochemically sterile rooms, electronics clean room, mechanical, and electrical peripherals, as well as manufactures process pipelines. Further, it manufactures and sells air conditioners, ceilings, and compartments; and offers environmental sanitation, anti-pollution services. Additionally, the company is involved in construction management consulting and engineering services; and engaged in fire engineering construction, maintenance, and equipment sales; and involved in land consolidation, traveling, technical, and recreational services. It is also involved in ecological touring business; and after-sales services. L&K Engineering Co., Ltd. was incorporated in 1978 and is headquartered in Taipei, Taiwan."
Lam Research Corporation (NasdaqGS:LRCX),NasdaqGS:LRCX,Taiwan Semiconductor Manufacturing Company Limited (TWSE:2330),"Self
                         ",Supplier,Semiconductor Materials and Equipment,Lam Research Corporation (NasdaqGS:LRCX) 2024 Form 10-K,"Lam Research Corporation designs, manufactures, markets, refurbishes, and services semiconductor processing equipment used in the fabrication of integrated circuits. The company offers ALTUS systems to deposit conformal films for tungsten metallization applications; SABRE electrochemical deposition products for copper interconnect transition that offers copper damascene manufacturing; and VECTOR plasma-enhanced CVD products. It also provides SPEED gapfill high-density plasma chemical vapor deposition products; and Striker single-wafer atomic layer deposition products for dielectric film solutions. In addition, the company offers Flex for dielectric etch applications; Vantex, a dielectric etch system that provides RF technology and repeatable wafer-to-wafer performance enabled by Equipment Intelligence solutions; Kiyo for conductor etch applications; Syndion for through-silicon via etch applications; and Versys metal products for metal etch processes. Further, it provides Coronus bevel clean products to enhance die yield; and Da Vinci, DV-Prime, EOS, and SP series products to address various wafer cleaning applications. The company sells its products in the United States, China, Europe, Japan, Korea, Southeast Asia, and Taiwan. Lam Research Corporation was incorporated in 1980 and is headquartered in Fremont, California."
Li Jin Engineering Co. Ltd,-,VisEra Technologies Company Ltd. (TWSE:6789),"Subsidiary/Investment
                         ",Supplier,Construction and Engineering,VisEra Technologies Company Ltd. (TWSE:6789) 2024 Form Doc,"Li Jin Engineering Co.,Ltd. engages in the construction business. It constructs industrial plants, factory buildings, and residential projects. The company was founded in 1966 and is based in Taoyuan, Taiwan."
Lucky Cement Co. (TWSE:1108),TWSE:1108,Taiwan Semiconductor Manufacturing Company Limited (TWSE:2330),"Self
                         ",Supplier,Construction Materials,Lucky Cement Co. (TWSE:1108) 2024 Form Doc,"Lucky Cement Co., together with its subsidiaries, manufactures and sells cement in the People’s Republic of China. The company offers Portland cement, ready-mixed concrete, hot cement, lower alkali Portland cement, blast furnace slag, limestone, dimension stones, sand, and gravels, as well as ashes. It also engages in the construction business; and provides shipping agent and maritime transportation services. In addition, the company is involved in the lease and sale of residential and commercial buildings, parking lots, and industrial areas; and cement trading, and clay and stone quarrying businesses. Lucky Cement Co. was founded in 1974 and is headquartered in Taipei, Taiwan."
"Lung Ming Green Energy Technology Engineering Co., Ltd. (TWSE:3018)",TWSE:3018,Taiwan Semiconductor Manufacturing Company Limited (TWSE:2330),"Self
                         ",Supplier,Construction and Engineering,"Lung Ming Green Energy Technology Engineering Co., Ltd. (TWSE:3018) 2024 Form Doc","Lung Ming Green Energy Technology Engineering Co., Ltd. provides civil construction and engineering services in Taiwan, Mainland China, and Cambodia. The company operates through Technology Business, Environmental Protection Business, and Construction segments. It manufactures clean room electromechanical systems that provide engineering services for various industries, such as semiconductors, electronics, information, optoelectronics, biochemistry, and pharmaceuticals. The company also provides engineering services for electrical, air-conditioning, fire protection, piping and wiring, water supply and drainage, and monitoring systems; general building mechanical and electrical systems; and engineering services for technology and industrial plants. In addition, it constructs technology plants, industrial plants, and residential buildings. Further, the company researches, develops, designs, and manufactures purification system equipment and related technical consulting services; engages in wholesale of toys and entertainment products; and waste removal business. The company was formerly known as Tung Kai Technology Engineering Co., LTD. Lung Ming Green Energy Technology Engineering Co., Ltd. was founded in 1977 and is based in Taipei, Taiwan."
M31 Technology Corporation (TPEX:6643),TPEX:6643,Taiwan Semiconductor Manufacturing Company Limited (TWSE:2330),"Self
                         ",Licensor,Semiconductors,M31 Technology Corporation (TPEX:6643) 2024 Form Doc,"M31 Technology Corporation provides silicon intellectual property (IP) design services in the integrated circuit industry. The company’s products includes foundation IP, such as standard cells, power manage kits, low power optimization kits, high performance kits, and electrical change order library; memory compilers; general-purpose I/O, high ESD I/O, and SDIO & eMMC I/O; and digital-PLL, analog-PLL, ADC / temp, and sensor analog IP. It also provides IP integration services, such as processor core hardening; and functional IP services. M31 Technology Corporation was incorporated in 2011 and is headquartered in Zhubei City, Taiwan."
Machvision Inc. (TWSE:3563),TWSE:3563,Taiwan Semiconductor Manufacturing Company Limited (TWSE:2330),"Self
                         ",Supplier,Semiconductor Materials and Equipment,Machvision Inc. (TWSE:3563) 2024 Form Doc,"Machvision Inc. develops and sells machine vision systems for semiconductor and printed circuit board (PCB) industry in Taiwan. The company provides drilling and routing measuring series products, including Hole-AOI systems that measure the position, diameter, and roughness of a drilled hole; and EZ3D system, which is designed to perform automatic and accurate dimensional measuring systems. It also offers IC substrate, HDI, and FPCB inspection and measuring series products, such as 3D AOI systems, solid measuring viewers, and LaserVia AOIM inspection systems; AFI, FPCB AVI, and Wafer AVI inspecting systems; and CSPAFI integrating AOI+AVI algorithm and fast-capturing-multi-illumination optical systems. In addition, the company provides wiring inspection series, which includes circuit AOI system for PCB/FPC, verification, and repair; ArtWork AOI products; LineGauge systems for use in optical measurements and QC reporting applications; RTR AOI; and high-resolution AOI 4.0. Machvision Inc. was incorporated in 1998 and is headquartered in Hsinchu City, Taiwan"
MediaTek Inc. (TWSE:2454),TWSE:2454,Taiwan Semiconductor Manufacturing Company Limited (TWSE:2330),"Self
                         ",Supplier,Semiconductors,Key DevelopmentClient Announcements Sep-06-2023,"MediaTek Inc. engages in the research, development, production, manufacture, and marketing of multimedia integrated circuits (ICs) in Taiwan, rest of Asia, and internationally. It also provides computer peripherals oriented, consumer-oriented, and other ICs for various applications. In addition, the company offers design, test runs, maintenance and repair, and technological consultation services for software and hardware solutions; and sale and delegation patents and circuit layout rights for its ICs products. In addition, it provides research, marketing, and technical services; intellectual property right management services; and general investing services. MediaTek Inc. was incorporated in 1997 and is headquartered in Hsinchu, Taiwan."
"Mega International Commercial Bank Co., Ltd.",-,VisEra Technologies Company Ltd. (TWSE:6789),"Subsidiary/Investment
                         ",Creditor,Diversified Banks,VisEra Technologies Company Ltd. (TWSE:6789) 2024 Form Doc,"Mega International Commercial Bank Co., Ltd. engages in providing commercial banking products and services. It offers deposits; remittance; loans and guarantees; offshore banking business; safety box; ATM; credit card; securities underwriting, direct equity investment, and agency; and electronic and internet banking services. The company is also involved in the foreign exchange and related operations; import and export financing and guarantees; financial operations related to international trade; trust operations; short term bills business; book entry business for the central government bonds; provision of investment services on consignments by clients; loan operations, including mid-term and long-term development loan, and guarantee operations; venture capital activities; insurance agency business; and other related operations. The company was founded in 1995 and is based in Taipei, Taiwan. Mega International Commercial Bank Co., Ltd. operates as a subsidiary of Mega Financial Holding Co., Ltd."
"Megawin Technology Co., Ltd. (TPEX:3122)",TPEX:3122,Taiwan Semiconductor Manufacturing Company Limited (TWSE:2330),"Self
                         ",Supplier,Semiconductors,"Megawin Technology Co., Ltd. (TPEX:3122) 2018 Form Doc","Megawin Technology Co., Ltd., together with its subsidiaries, engages in the design and sale of ICs in Taiwan and internationally. It offers single chip microcontrollers, low-dropout regulator, full speed MCU, USB bridge, charge IC, and automotive base line products. The company was incorporated in 1999 and is headquartered in Jhubei City, Taiwan."
Onto Innovation Inc. (NYSE:ONTO),NYSE:ONTO,Taiwan Semiconductor Manufacturing Company Limited (TWSE:2330),"Self
                         ",Supplier,Semiconductor Materials and Equipment,Onto Innovation Inc. (NYSE:ONTO) 2024 Form 10-K,"Onto Innovation Inc. engages in the design, development, manufacture, and support of process control tools that performs optical metrology. The company offers lithography systems and process control analytical software. It also offers process and yield management solutions, and device packaging and test facilities through standalone systems for optical metrology, macro-defect inspection, packaging lithography, and transparent and opaque thin film measurements. In addition, the company provides process control software portfolio that includes solutions for standalone tools, groups of tools, and enterprise-or factory-wide suites. Further, it engages in systems software, spare parts, and other services, as well as offers software licensing services. The company’s products are used in semiconductor and advanced packaging device manufacturers; silicon wafer; light emitting diode; vertical-cavity surface-emitting laser; micro-electromechanical system; CMOS image sensor; power device; analog device; RF filter; data storage; and various industrial and scientific applications. Onto Innovation Inc. was founded in 1940 and is headquartered in Wilmington, Massachusetts."
Rorze Corporation (TSE:6323),TSE:6323,Taiwan Semiconductor Manufacturing Company Limited (TWSE:2330),"Self
                         ",Supplier,Semiconductor Materials and Equipment,Rorze Corporation (TSE:6323) 2023 Form Doc,"Rorze Corporation engages in the design, development, manufacture, and sale of automation systems for the semiconductor and flat panel display production worldwide. The company offers wafer handling systems, including atmospheric robots, vacuum wafer robots, aligners, load ports, vacuum platforms, EFEMs/sorters, and stockers; and mask/reticle handling systems. It also provides system integration and package service, as well as host online communication, equipment control, and EDA/interface A solutions; and control devices, such as controllers, and stepping motors and drivers. In addition, the company offers life science automation products comprising mechatronics CO2 incubators, cell keepers, twist decappers and incubators, heat sealers, power seals, varistocks, and cell farms and shots. Further, it is involved in manufacturing of robot for semiconductor production equipment; the processing and export of machinery parts for robots; and importing, selling, maintaining, and broking equipment and parts. The company was incorporated in 1966 and is headquartered in Fukuyama, Japan."
"San Fu Chemical Co., Ltd. (TWSE:4755)",TWSE:4755,Taiwan Semiconductor Manufacturing Company Limited (TWSE:2330),"Self
                         ",Supplier,Specialty Chemicals,"San Fu Chemical Co., Ltd. (TWSE:4755) 2024 Form Doc","San Fu Chemical Co., Ltd. manufactures and sells various chemical products in Taiwan. It offers fine chemical products, such as developer, etchant, stripper, thinner and EBR, RGB network, POC13, N20, and other. The company provides basic chemicals, including raw material of liquid crystal polymers, preservatives, water treatment and anti-corrosive reagents, and chemical raw materials. In addition, it offers food raw materials and additives, such as seasonings, preservatives, sweeteners, leavening agents, and starch and carbohydrate, as well as food quality improvement, fermentation, and food processing agents; and slurry. Further, the company engages in recycling of tetramethyl ammonium hydroxdie waste. Its products are used in wet chemicals, equipment, operation required by IC semiconductors, LCD, touch panels, LED, solar panels, and other industries; and etching and thinning of glass, foundry of polishing fluids, food Additives, food materials, and basic chemicals such as pHBA, cyclohexylamine, dicyclohexylamine, etc. The company was incorporated in 1952 and is based in Taipei, Taiwan."
Scientech Corporation (TWSE:3583),TWSE:3583,Taiwan Semiconductor Manufacturing Company Limited (TWSE:2330),"Self
                         ",Supplier,Technology Distributors,Scientech Corporation (TWSE:3583) 2024 Form Doc,"Scientech Corporation engages in the research and development, production, sale, and maintenance of process equipment for semiconductors, liquid crystal displays (LCDs), light-emitting diodes (LEDs), and solar power generation industries. The company offers chemical analysis and biotechnology equipment; remote control system; camera lens; flat panel display; mask/reticle and semiconductor front-end process equipment; MEMS/compound semiconductor/LED products; semiconductor packaging and testing equipment; 3D printing equipment; and wet benches/single wafer wet process equipment, and temporary bonding/de-bonding/glass recycle tools. The company was incorporated in 1979 and is headquartered in Taipei, Taiwan."
"SCREEN Holdings Co., Ltd. (TSE:7735)",TSE:7735,Taiwan Semiconductor Manufacturing Company Limited (TWSE:2330),"Self
                         ",Supplier,Semiconductor Materials and Equipment,"SCREEN Holdings Co., Ltd. (TSE:7735) - Form Doc","SCREEN Holdings Co., Ltd. develops, manufactures, sells, and maintains semiconductor production equipment in Japan. It offers wafer cleaning systems, such as wet stations, spin processors, and spin scrubbers; coat/develop trackers, including coat/develop track and spray coater products; annealing systems comprising flash lamp and laser annealers; measurement systems, such as ellipsometric and spectroscopic film thickness measurement systems; inspection systems, including wafer pattern inspection systems; and advanced packaging lithography equipment comprising direct imaging system for panel level packages, as well as display production equipment. The company also provides coater systems, roll-to-roll coaters/dryers, direct imaging systems, automatic optical inspection systems, defect verification and repair systems, automatic final visual inspection systems, and software products; high-speed inkjets, inkjet labelling printing systems, water-based inkjet systems for flexible packaging; thermal plate recorders; flexo letterpresses, hybrid AM/FM screening products, workflow solutions, Hirangino fonts, color proofing systems, and uservoice products, as well as network services. In addition, it offers artificial intelligence-enabled high-speed search systems, dictionary creation systems, and document quality improvement solutions; and image analysis and text mining visualization technologies, as well as various IT solutions. Further, the company engages in the development and sale of imaging systems, and specialized inkjet presses for tablet printing, as well as medical devices for organ transplantation; and production of membrane electrode assemblies for fuel cells and rechargeable batteries. The company was formerly known as Dainippon Screen Mfg. Co., Ltd. and changed its name to SCREEN Holdings Co., Ltd. in October 2014. SCREEN Holdings Co., Ltd. was incorporated in 1943 and is headquartered in Kyoto, Japan."
"SCREEN Semiconductor Solutions Co., Ltd.",-,Taiwan Semiconductor Manufacturing Company Limited (TWSE:2330),"Self
                         ",Supplier,Semiconductor Materials and Equipment,"SCREEN Holdings Co., Ltd. (TSE:7735) - Form Doc","SCREEN Semiconductor Solutions Co., Ltd. manufactures semiconductor production equipment. It offers coat/develop tracks; wafer cleaning systems that include wet stations, spin processors, scrubbers, and polymer removal systems; annealing systems, including flash lamp, infrared lamp, and laser annealers; and measurement systems, such as ellipsometric and spectrometric film thickness measurement systems. The company also provides wafer pattern inspection systems; packaging lithography; and direct imaging systems for advanced packaging. SCREEN Semiconductor Solutions Co., Ltd. was formerly known as Sokudo Co., Ltd. and changed its name to SCREEN Semiconductor Solutions Co., Ltd. in October 2014. The company was founded in 2006 and is based in Kyoto, Japan. SCREEN Semiconductor Solutions Co., Ltd. operates as a subsidiary of SCREEN Holdings Co., Ltd."
"Shin-Etsu Handotai Co., Ltd.",-,Taiwan Semiconductor Manufacturing Company Limited (TWSE:2330),"Self
                         ",Supplier,Semiconductors,Taiwan Semiconductor Manufacturing Company Limited (TWSE:2330) 2024 Form 20-F,"Shin-Etsu Handotai Co., Ltd. manufactures and sells compound semiconductors and silicon and GaP wafers. It’s materials are used to manufacture chips for computers, consumer electronics, and telecommunications devices. It also provides engineering and support services. The company was founded in 1967 and is based in Tokyo, Japan. Shin-Etsu Handotai Co., Ltd. operates as a subsidiary of Shin-Etsu Chemical Co., Ltd."
Siltronic AG (XTRA:WAF),XTRA:WAF,Taiwan Semiconductor Manufacturing Company Limited (TWSE:2330),"Self
                         ",Supplier,Semiconductor Materials and Equipment,Siltronic AG (XTRA:WAF) - Form Doc,"Siltronic AG, together with its subsidiaries, provides hyperpure semiconductor silicon wafers in Germany, rest of Europe, the United States, Taiwan and Mainland China, Korea, and Rest of Asia. It offers polished and epitaxial wafers. The company provides special products, such as Ultimate Silicon, an optimal crystal for polished wafers; Float zone/FZ, a wafer product based on the float zone method; and HIREF that offers low microroughness, and low-defect surface structure. Its products are used in computers, smartphones, industrial equipment, wind turbines, and cars with and without electric drives. The company was formerly known as Wacker Siltronic AG and changed its name to Siltronic AG in 2004. Siltronic AG was founded in 1953 and is headquartered in Munich, Germany."
Soitec Microelectronics Singapore Pte. Ltd.,-,Taiwan Semiconductor Manufacturing Company Limited (TWSE:2330),"Self
                         ",Supplier,Semiconductors,Taiwan Semiconductor Manufacturing Company Limited (TWSE:2330) 2024 Form 20-F,Mfg Semiconductors/Related Devices
"Solidwizard Technology Co., Ltd. (TPEX:8416)",TPEX:8416,Taiwan Semiconductor Manufacturing Company Limited (TWSE:2330),"Self
                         ",Supplier,Application Software,"Solidwizard Technology Co., Ltd. (TPEX:8416) 2024 Form Doc","Solidwizard Technology Co., Ltd. provides software, hardware, and consulting service solutions in Taiwan and China. The company offers CAID, CAD, RP, RE, CAE, CAM, and PDM solutions. It provides subscription services; 3D CAD, product data management, simulation solution, technical communication, CAM, and education software products. In addition, the company offers 3D printer and scanner products; and collaborative robots. Solidwizard Technology Co., Ltd. was founded in 1997 and is based in Taipei City, Taiwan."
Southern Taiwan Science Park Administration,-,Taiwan Semiconductor Manufacturing Company Limited (TWSE:2330),"Self
                         ",Lessor,,Taiwan Semiconductor Manufacturing Company Limited (TWSE:2330) 2024 Form 20-F,There is no business description for this supplier.
Sumco Corporation (TSE:3436),TSE:3436,Taiwan Semiconductor Manufacturing Company Limited (TWSE:2330),"Self
                         ",Supplier,Semiconductor Materials and Equipment,Taiwan Semiconductor Manufacturing Company Limited (TWSE:2330) 2024 Form 20-F,"Sumco Corporation manufactures and sells silicon wafers for the semiconductor industry in Japan, the United States, China, Taiwan, Korea, and internationally. The company offers polished, annealed, epitaxial, junction isolated, silicon-on-insulator, and reclaimed polished wafers, as well as provides monocrystalline ingots. Sumco Corporation was formerly known as Sumitomo Mitsubishi Silicon Corp. and changed its name to Sumco Corporation in August 2005. The company was incorporated in 1999 and is headquartered in Tokyo, Japan."
Systems on Silicon Manufacturing Co. Pte. Ltd.,-,Taiwan Semiconductor Manufacturing Company Limited (TWSE:2330),"Self
                         ",Supplier,Semiconductors,Taiwan Semiconductor Manufacturing Company Limited (TWSE:2330) 2024 Form 20-F,"Systems on Silicon Manufacturing Co. Pte. Ltd. provides semiconductor fabrication solutions. The company offers technology solutions in the areas of automotive, Internet of things, e-security, mobile devices, wearable technology, and public transport. Systems on Silicon Manufacturing Co. Pte. Ltd. was formerly known as PT Semiconductor Manufacturing Company Pte Ltd. and changed its name to Systems on Silicon Manufacturing Co. Pte. Ltd. in March 1999. The company was incorporated in 1998 and is based in Singapore. Systems on Silicon Manufacturing Co. Pte. Ltd. operates as a subsidiary of NXP Semiconductors N.V."
"Taipei Fubon Commercial Bank Co., Ltd.",-,VisEra Technologies Company Ltd. (TWSE:6789),"Subsidiary/Investment
                         ",Creditor,Diversified Banks,VisEra Technologies Company Ltd. (TWSE:6789) 2024 Form Doc,"Taipei Fubon Commercial Bank Co., Ltd. provides commercial banking services in Taiwan and Asia. It offers deposits, debit and credit cards, credits, foreign exchange, payments, salary transfers, funds, investments, trusts, credit, mortgage, student loans, and insurances to individuals. The company also provides general and receivable financing, trade services, cash management, investment banking, financial markets, small and medium loans, treasury and overseas business to corporates. Taipei Fubon Commercial Bank Co., Ltd. was formerly known as Taipei Bank and changed its name to Taipei Fubon Commercial Bank Co., Ltd. in 2005. The company was founded in 1969 and is headquartered in Taipei, Taiwan. Taipei Fubon Commercial Bank Co., Ltd. operates as a subsidiary of Fubon Financial Holding Co., Ltd."
Taiwan Cogeneration Corporation (TWSE:8926),TWSE:8926,Taiwan Semiconductor Manufacturing Company Limited (TWSE:2330),"Self
                         ",Supplier,Independent Power Producers and Energy Traders,Taiwan Cogeneration Corporation (TWSE:8926) 2024 Form Doc,"Taiwan Cogeneration Corporation, together with its subsidiaries, engages in the operation and management of cogeneration plants in Taiwan. It operates through Guantian Cogeneration Plant, and Construction and Consulting Services segments. The company also offers engineering, planning, design, procurement, installation, construction, and financing planning of cogeneration plants, as well as engages in the environmental protection and procurement of fuel for cogeneration systems and related businesses. In addition, it provides cogeneration research and development, and related technical and consultation services; manufactures, assembles, leases, installs, repairs, and sells cogeneration equipment; and installs electric equipment and power engineering projects; invests in geothermal and green power plants; and generates wind and solar power energy. Further, the company invests in cogeneration plants, as well as trades in related products. Taiwan Cogeneration Corporation was founded in 1992 and is based in Taipei, Taiwan."
Taiwan Cogeneration Corporation (TWSE:8926),TWSE:8926,VisEra Technologies Company Ltd. (TWSE:6789),"Subsidiary/Investment
                         ",Supplier,Independent Power Producers and Energy Traders,Taiwan Cogeneration Corporation (TWSE:8926) 2024 Form Doc,"Taiwan Cogeneration Corporation, together with its subsidiaries, engages in the operation and management of cogeneration plants in Taiwan. It operates through Guantian Cogeneration Plant, and Construction and Consulting Services segments. The company also offers engineering, planning, design, procurement, installation, construction, and financing planning of cogeneration plants, as well as engages in the environmental protection and procurement of fuel for cogeneration systems and related businesses. In addition, it provides cogeneration research and development, and related technical and consultation services; manufactures, assembles, leases, installs, repairs, and sells cogeneration equipment; and installs electric equipment and power engineering projects; invests in geothermal and green power plants; and generates wind and solar power energy. Further, the company invests in cogeneration plants, as well as trades in related products. Taiwan Cogeneration Corporation was founded in 1992 and is based in Taipei, Taiwan."
Taiwan Semiconductor Manufacturing Company Limited (TWSE:2330),TWSE:2330,VisEra Technologies Company Ltd. (TWSE:6789),"Subsidiary/Investment
                         ",Supplier,Semiconductors,VisEra Technologies Company Ltd. (TWSE:6789) 2024 Form Doc,"Taiwan Semiconductor Manufacturing Company Limited, together with its subsidiaries, manufactures, packages, tests, and sells integrated circuits and other semiconductor devices in Taiwan, China, Europe, the Middle East, Africa, Japan, the United States, and internationally. It provides a range of wafer fabrication processes, including processes to manufacture complementary metal- oxide-semiconductor (CMOS) logic, mixed-signal, radio frequency, embedded memory, bipolar CMOS mixed-signal, and others. The company also offers customer and engineering support services; manufactures masks; and invests in technology start-up companies; researches, designs, develops, manufactures, packages, tests, and sells color filters; and provides investment services. Its products are used in high performance computing, smartphones, Internet of things, automotive, and digital consumer electronics. The company was incorporated in 1987 and is headquartered in Hsinchu City, Taiwan."
"Teradyne, Inc. (NasdaqGS:TER)",NasdaqGS:TER,Taiwan Semiconductor Manufacturing Company Limited (TWSE:2330),"Self
                         ",Supplier,Semiconductor Materials and Equipment,"Teradyne, Inc. (NasdaqGS:TER) 2024 Form 10-K","Teradyne, Inc. designs, develops, manufactures, and sells automated test systems and robotics products worldwide. It operates through four segments; Semiconductor Test, System Test, Robotics, and Wireless Test. The Semiconductor Test segment offers products and services for wafer level and device package testing of semiconductor devices in automotive, industrial, communications, consumer, smartphones, cloud, computer and electronic game, and other applications. This segment also provides FLEX test platform systems; J750 test system to address the volume semiconductor devices, including microcontrollers; Magnum platform that tests memory devices, such as flash memory and DRAM; and ETS platform for semiconductor manufacturers, and assembly and test subcontractors in the analog/mixed signal markets. It serves integrated device manufacturers that integrate the fabrication of silicon wafers into their business; fabless companies that outsource the manufacturing of silicon wafers; foundries; and semiconductor assembly and test providers. The System Test segment offers defense/aerospace test instrumentation and systems; storage and system level test systems; and circuit-board test and inspection systems. The Wireless Test segment provides wireless test solutions for silicon validation, wireless module manufacturing, and wireless end device manufacturing under the LitePoint brand. This segment also offers IQxel-MX and IQxel-MW7G series products for edge measurement performance in the manufacturing of connectivity products; IQxstream-5G and IQgig-5G family products to support 4G and 5G technologies; and IQgig-UWB+ for certification and manufacturing test support for ultra wideband products. The Robotics segment provides collaborative robotic arms, autonomous mobile robots, and advanced robotic control software for manufacturing, logistics, and industrial customers. The company was incorporated in 1960 and is headquartered in North Reading, Massachusetts."
Tokyo Electron Limited (TSE:8035),TSE:8035,Taiwan Semiconductor Manufacturing Company Limited (TWSE:2330),"Self
                         ",Supplier,Semiconductor Materials and Equipment,Tokyo Electron Limited (TSE:8035) - Form Doc,"Tokyo Electron Limited, together with its subsidiaries, develops, manufactures, and sells semiconductor and flat panel display (FPD) production equipment in Japan, Europe, North America, Taiwan, China, South Korea, Southeast Asia, and internationally. The company offers coaters/developers, etch systems, surface preparation systems, deposition systems, test systems, wafer bonders/debonders, wafer edge trimming, SiC epitaxial CVD systems, gas cluster ion beam system, and cleaning systems. It also provides plasma etch/ash systems for use in the manufacture of FPDs, as well as inkjet printing systems for manufacturing OLED displays. In addition, the company offers delivery, facility management, and non-life insurance services; sells semiconductor products, board computer products, software, and other electronic components; sells and supports network/storage/middleware related solutions; and develops, manufactures, and sells magnetic annealing systems. Tokyo Electron Limited was incorporated in 1951 and is headquartered in Tokyo, Japan."
"TSC Auto ID Technology Co., Ltd. (TPEX:3611)",TPEX:3611,Taiwan Semiconductor Manufacturing Company Limited (TWSE:2330),"Self
                         ",Supplier,"Technology Hardware, Storage and Peripherals","TSC Auto ID Technology Co., Ltd. (TPEX:3611) 2024 Form Doc","TSC Auto ID Technology Co., Ltd. engages in the research and development, manufacture, and marketing of barcode printers and related peripheral accessories to customers in the automatic identification system industry market worldwide. The company offers desktop, industrial, enterprise, and mobile printers; print engine and modules, color label printers, barcode inspection, RFID solutions, and keyboards; software solutions; and stock labels, custom labels, and thermal solutions. It serves medical, retail, transportation, warehouse and fulfillment, logistics, manufacturing, entertainment and hospitality, healthcare, cannabis, food and beverage, and automotive sectors. TSC Auto ID Technology Co., Ltd. was founded in 1991 and is headquartered in New Taipei City, Taiwan."
Tung Ho Steel Enterprise Corporation (TWSE:2006),TWSE:2006,Taiwan Semiconductor Manufacturing Company Limited (TWSE:2330),"Self
                         ",Supplier,Steel,Tung Ho Steel Enterprise Corporation (TWSE:2006) 2024 Form Doc,"Tung Ho Steel Enterprise Corporation, together with its subsidiaries, produces and sells steel products in Taiwan. It offers re-bars, such as round bar, screwed re-bar, and deformed steel re-bar products for building projects; and formed steel products, including H-beams, I-beams, channel beams, and U-beams; plate-type steel products. The company also provides processing services, such as rebar cutting, bending, processing, forming, friction welding, welded steel mesh, and built-up H-beam. The company was founded in 1946 and is headquartered in Taipei, Taiwan."
United Industrial Gases Co. Ltd,-,VisEra Technologies Company Ltd. (TWSE:6789),"Subsidiary/Investment
                         ",Supplier,Commodity Chemicals,VisEra Technologies Company Ltd. (TWSE:6789) 2024 Form Doc,"United Industrial Gases Co., Ltd. is based in Hsinchu City, Taiwan. United Industrial Gases Co., Ltd operates as a subsidiary of Linde plc"
"United Integrated Services Co., Ltd. (TWSE:2404)",TWSE:2404,Taiwan Semiconductor Manufacturing Company Limited (TWSE:2330),"Self
                         ",Supplier,Construction and Engineering,"United Integrated Services Co., Ltd. (TWSE:2404) 2024 Form Doc","United Integrated Services Co., Ltd. provides engineering construction services in Taiwan, Mainland China, Singapore, the United states, and Japan. It operates through Engineering and Integration Department, Maintenance and Design Department, and Other segments. The company engages in the contracting of various running water, instrumental control, and refrigerating and air conditioning projects; installation of clean rooms and related transactions; manufacturing of supplies; designing and installation of engineering toll collection systems and related supply transactions; and installation and designing of controlling equipment in computer rooms. It also offers traffic surveillance and control system engineering building services; and technical advisory services for planning and designing of projects. In addition, the company provides factory computer control monitoring systems; engineering environment monitoring systems; and electrical and mechanical engineering contracts for transmission and distribution of electric power. Further, the company designs, installs, maintains, and trades in various equipment for computerized automatic engineering monitoring systems; and imports restrained telecom radio frequency equipment. Additionally, the company is involved in the contracting of computer and communication system integration project, as well as manufacturing and trading of related software and hardware. United Integrated Services Co., Ltd. was incorporated in 1982 and is headquartered in New Taipei City, Taiwan."
"United Integrated Services Co., Ltd. (TWSE:2404)",TWSE:2404,TSMC Arizona Corporation,"Subsidiary/Investment
                         ",Supplier,Construction and Engineering,"United Integrated Services Co., Ltd. (TWSE:2404) 2024 Form Doc","United Integrated Services Co., Ltd. provides engineering construction services in Taiwan, Mainland China, Singapore, the United states, and Japan. It operates through Engineering and Integration Department, Maintenance and Design Department, and Other segments. The company engages in the contracting of various running water, instrumental control, and refrigerating and air conditioning projects; installation of clean rooms and related transactions; manufacturing of supplies; designing and installation of engineering toll collection systems and related supply transactions; and installation and designing of controlling equipment in computer rooms. It also offers traffic surveillance and control system engineering building services; and technical advisory services for planning and designing of projects. In addition, the company provides factory computer control monitoring systems; engineering environment monitoring systems; and electrical and mechanical engineering contracts for transmission and distribution of electric power. Further, the company designs, installs, maintains, and trades in various equipment for computerized automatic engineering monitoring systems; and imports restrained telecom radio frequency equipment. Additionally, the company is involved in the contracting of computer and communication system integration project, as well as manufacturing and trading of related software and hardware. United Integrated Services Co., Ltd. was incorporated in 1982 and is headquartered in New Taipei City, Taiwan."
Vanguard International Semiconductor Corporation (TPEX:5347),TPEX:5347,Taiwan Semiconductor Manufacturing Company Limited (TWSE:2330),"Self
                         ",Supplier,Semiconductors,Vanguard International Semiconductor Corporation (TPEX:5347) 2024 Form Doc,"Vanguard International Semiconductor Corporation, together with its subsidiaries, engages in manufacturing, selling, packaging, testing, and computer-aided design of integrated circuits and other semiconductor devices in Taiwan and internationally. The company offers a range of foundry process technologies, including high voltage, ultra-high voltage, bipolar CMOS DMOS (BCD), silicon on insulator (SOI), discrete, logic, mixed-signal, analog, and embedded memory, as well as manufactures and sells masks. Its services include multiple project wafer services; mask services comprising frame generation, mask making, and mask repairing; backend services, including front-side metallization, back side grinding and metallization, chip probe, Gan back end, WLCSP and RDL, and backend solutions; and automotive services, as well as provides intelligent manufacturing and management services. Vanguard International Semiconductor Corporation has strategic agreement with the Episil Technologies for the research, development, and production of silicon carbide (SiC) wafers for compound semiconductors. Vanguard International Semiconductor Corporation was incorporated in 1994 and is headquartered in Hsinchu City, Taiwan."
VisEra Technologies Company Ltd. (TWSE:6789),TWSE:6789,Taiwan Semiconductor Manufacturing Company Limited (TWSE:2330),"Self
                         ",Landlord,Semiconductors,VisEra Technologies Company Ltd. (TWSE:6789) 2024 Form Doc,"VisEra Technologies Company Ltd. manufactures and sells electronic spare parts in Taiwan, rest of Asia, Europe, and the United States. The company engages in designing, researching, developing, manufacturing, packaging, testing, and selling of color filters. It also offers image sensor, optical finger print sensors, light sensors, and time of flight sensors; and wafer level testing and wafer level optical thin film services. In addition, the company provides optical component manufacturing, simulation, integration, wafer level characterization, and customized services. Its products are used in automotive, security, augmented and virtual reality, and smart home applications, as well as mobile phones and biomedical sensors. The company was incorporated in 2003 and is headquartered in Hsinchu City, Taiwan. VisEra Technologies Company Ltd. is a subsidiary of Taiwan Semiconductor Manufacturing Company Limited."
VisEra Technologies Company Ltd. (TWSE:6789),TWSE:6789,Taiwan Semiconductor Manufacturing Company Limited (TWSE:2330),"Self
                         ",Supplier,Semiconductors,VisEra Technologies Company Ltd. (TWSE:6789) 2024 Form Doc,"VisEra Technologies Company Ltd. manufactures and sells electronic spare parts in Taiwan, rest of Asia, Europe, and the United States. The company engages in designing, researching, developing, manufacturing, packaging, testing, and selling of color filters. It also offers image sensor, optical finger print sensors, light sensors, and time of flight sensors; and wafer level testing and wafer level optical thin film services. In addition, the company provides optical component manufacturing, simulation, integration, wafer level characterization, and customized services. Its products are used in automotive, security, augmented and virtual reality, and smart home applications, as well as mobile phones and biomedical sensors. The company was incorporated in 2003 and is headquartered in Hsinchu City, Taiwan. VisEra Technologies Company Ltd. is a subsidiary of Taiwan Semiconductor Manufacturing Company Limited."
Wah Lee Industrial Corporation (TWSE:3010),TWSE:3010,Taiwan Semiconductor Manufacturing Company Limited (TWSE:2330),"Self
                         ",Supplier,Technology Distributors,Wah Lee Industrial Corporation (TWSE:3010) 2024 Form Doc,"Wah Lee Industrial Corporation engages in the manufacturing of materials, engineering and functional plastics, semiconductor process materials, and printed circuit boards in Taiwan. It also imports and exports various products, such as engineering equipment, optoelectronic products, electronic machine parts, and industrial materials. In addition, the company engages in the engineering of plastic raw materials and high performance composite materials; manufacturing of synthetic resins, industrial plastics, mold machinery and equipment, and chemical materials; and solar power generation businesses. Wah Lee Industrial Corporation was founded in 1957 and is headquartered in Kaohsiung, Taiwan."
Wholetech System Hitech Limited (TPEX:3402),TPEX:3402,Taiwan Semiconductor Manufacturing Company Limited (TWSE:2330),"Self
                         ",Supplier,Semiconductor Materials and Equipment,Wholetech System Hitech Limited (TPEX:3402) 2024 Form Doc,"Wholetech System Hitech Limited provides turnkey and system integration services in Taiwan, China, and Singapore. It offers general gas, special gas automatic supply systems, vacuum systems, chemical gas systems, and new factory construction and equipment products, as well as special gas supply pipeline systems, bulk gas supply systems, main systems, secondary piping of high vacuum, exhaust, and other pipeline systems; clean room system engineering, mechanical and electrical systems engineering, process exhaust system, PCW system, fire fighting systems, and ice water systems; and vacuum piping systems, related accessories and valves, vacuum fittings, and deposit improvement services. The company also provides gas bottle cabinets and racks, and VMP/P systems; monitoring hardware and software, such as GIS, HPM, FMCS, and heating zone planning and sales; and IoT mobile smart facility system and software and customized application software development services. In addition, it provides wet process equipment and chemical supply systems comprising semiconductors, LEDs, solar panels, and LCD panels. The company was formerly known as Wholetech Engineering Co., Ltd. and changed its name to Wholetech System Hitech Limited in 2001. Wholetech System Hitech Limited was incorporated in 1990 and is headquartered in Hsinchu City, Taiwan."
Xintec Inc. (TPEX:3374),TPEX:3374,Taiwan Semiconductor Manufacturing Company Limited (TWSE:2330),"Self
                         ",Supplier,Semiconductors,Taiwan Semiconductor Manufacturing Company Limited (TWSE:2330) 2024 Form 20-F,"Xintec Inc. operates as a wafer level chip scale packaging company in Asia, the United States, and Europe. The company offers wafer level chip scale packaging for image and environmental sensors; wafer level post passivation interconnection for fingerprint and actuator sensors, micro-electromechanical components, power, analog, and RF components; and wafer testing services. It also provides optical sensor chip scale packaging services comprising side-wall interconnect and through silicon via RDL interconnect products, various glass thickness and filters, and glass bonding to wafer with or without cavity; FSI/BSI/stack wafer reconstruction for mobile, automotive, and consumer applications; and wafer reconstruction with a glass lid for automotive applications. In addition, the company provides micro-electromechanical systems sensor packaging services, such as wafer thinning and bonded wafer partial dicing to reveal bonding pad; CSP, using via last TSV to connect pad on wafer surface toward backside; and dry etching silicon to form large cavities to derive product performance needs; as well as 3D I/O redistribution, power ground enhancement, and dual side connection services. Its products are used in tablets, notebooks, computers, and medical applications. Xintec Inc. was incorporated in 1998 and is headquartered in Taoyuan City, Taiwan."
Xintec Inc. (TPEX:3374),TPEX:3374,VisEra Technologies Company Ltd. (TWSE:6789),"Subsidiary/Investment
                         ",Supplier,Semiconductors,VisEra Technologies Company Ltd. (TWSE:6789) 2024 Form Doc,"Xintec Inc. operates as a wafer level chip scale packaging company in Asia, the United States, and Europe. The company offers wafer level chip scale packaging for image and environmental sensors; wafer level post passivation interconnection for fingerprint and actuator sensors, micro-electromechanical components, power, analog, and RF components; and wafer testing services. It also provides optical sensor chip scale packaging services comprising side-wall interconnect and through silicon via RDL interconnect products, various glass thickness and filters, and glass bonding to wafer with or without cavity; FSI/BSI/stack wafer reconstruction for mobile, automotive, and consumer applications; and wafer reconstruction with a glass lid for automotive applications. In addition, the company provides micro-electromechanical systems sensor packaging services, such as wafer thinning and bonded wafer partial dicing to reveal bonding pad; CSP, using via last TSV to connect pad on wafer surface toward backside; and dry etching silicon to form large cavities to derive product performance needs; as well as 3D I/O redistribution, power ground enhancement, and dual side connection services. Its products are used in tablets, notebooks, computers, and medical applications. Xintec Inc. was incorporated in 1998 and is headquartered in Taoyuan City, Taiwan."
*denotes proprietary relationship,,,,,,,
